DATAFLOW,MEASURE: Measure,DATA_ITEM: Data Item,TSEST: Adjustment Type,REGION: Region,FREQ: Frequency,TIME_PERIOD: Time Period,OBS_VALUE,UNIT_MEASURE: Unit of Measure,UNIT_MULT: Unit of Multiplier,OBS_STATUS: Observation Status,OBS_COMMENT: Observation Comment
ABS:ANA_AGG(1.0.0),M3: Current prices,GPM_PCA: GDP per capita,20: Seasonally Adjusted,AUS: Australia,Q: Quarterly,1989-Q1,5561,AUD: Australian Dollars,0: Units,,
ABS:ANA_AGG(1.0.0),M3: Current prices,GPM_PCA: GDP per capita,20: Seasonally Adjusted,AUS: Australia,Q: Quarterly,1989-Q2,5753,AUD: Australian Dollars,0: Units,,
ABS:ANA_AGG(1.0.0),M3: Current prices,GPM_PCA: GDP per capita,20: Seasonally Adjusted,AUS: Australia,Q: Quarterly,1989-Q3,5843,AUD: Australian Dollars,0: Units,,
ABS:ANA_AGG(1.0.0),M3: Current prices,GPM_PCA: GDP per capita,20: Seasonally Adjusted,AUS: Australia,Q: Quarterly,1989-Q4,5922,AUD: Australian Dollars,0: Units,,
ABS:ANA_AGG(1.0.0),M3: Current prices,GPM_PCA: GDP per capita,20: Seasonally Adjusted,AUS: Australia,Q: Quarterly,1990-Q1,6010,AUD: Australian Dollars,0: Units,,
ABS:ANA_AGG(1.0.0),M3: Current prices,GPM_PCA: GDP per capita,20: Seasonally Adjusted,AUS: Australia,Q: Quarterly,1990-Q2,6100,AUD: Australian Dollars,0: Units,,
ABS:ANA_AGG(1.0.0),M3: Current prices,GPM_PCA: GDP per capita,20: Seasonally Adjusted,AUS: Australia,Q: Quarterly,1990-Q3,6044,AUD: Australian Dollars,0: Units,,
ABS:ANA_AGG(1.0.0),M3: Current prices,GPM_PCA: GDP per capita,20: Seasonally Adjusted,AUS: Australia,Q: Quarterly,1990-Q4,6099,AUD: Australian Dollars,0: Units,,
ABS:ANA_AGG(1.0.0),M3: Current prices,GPM_PCA: GDP per capita,20: Seasonally Adjusted,AUS: Australia,Q: Quarterly,1991-Q1,5997,AUD: Australian Dollars,0: Units,,
ABS:ANA_AGG(1.0.0),M3: Current prices,GPM_PCA: GDP per capita,20: Seasonally Adjusted,AUS: Australia,Q: Quarterly,1991-Q2,5983,AUD: Australian Dollars,0: Units,,
ABS:ANA_AGG(1.0.0),M3: Current prices,GPM_PCA: GDP per capita,20: Seasonally Adjusted,AUS: Australia,Q: Quarterly,1991-Q3,6010,AUD: Australian Dollars,0: Units,,
ABS:ANA_AGG(1.0.0),M3: Current prices,GPM_PCA: GDP per capita,20: Seasonally Adjusted,AUS: Australia,Q: Quarterly,1991-Q4,6051,AUD: Australian Dollars,0: Units,,
ABS:ANA_AGG(1.0.0),M3: Current prices,GPM_PCA: GDP per capita,20: Seasonally Adjusted,AUS: Australia,Q: Quarterly,1992-Q1,6122,AUD: Australian Dollars,0: Units,,
ABS:ANA_AGG(1.0.0),M3: Current prices,GPM_PCA: GDP per capita,20: Seasonally Adjusted,AUS: Australia,Q: Quarterly,1992-Q2,6128,AUD: Australian Dollars,0: Units,,
ABS:ANA_AGG(1.0.0),M3: Current prices,GPM_PCA: GDP per capita,20: Seasonally Adjusted,AUS: Australia,Q: Quarterly,1992-Q3,6173,AUD: Australian Dollars,0: Units,,
ABS:ANA_AGG(1.0.0),M3: Current prices,GPM_PCA: GDP per capita,20: Seasonally Adjusted,AUS: Australia,Q: Quarterly,1992-Q4,6282,AUD: Australian Dollars,0: Units,,
ABS:ANA_AGG(1.0.0),M3: Current prices,GPM_PCA: GDP per capita,20: Seasonally Adjusted,AUS: Australia,Q: Quarterly,1993-Q1,6374,AUD: Australian Dollars,0: Units,,
ABS:ANA_AGG(1.0.0),M3: Current prices,GPM_PCA: GDP per capita,20: Seasonally Adjusted,AUS: Australia,Q: Quarterly,1993-Q2,6425,AUD: Australian Dollars,0: Units,,
ABS:ANA_AGG(1.0.0),M3: Current prices,GPM_PCA: GDP per capita,20: Seasonally Adjusted,AUS: Australia,Q: Quarterly,1993-Q3,6403,AUD: Australian Dollars,0: Units,,
ABS:ANA_AGG(1.0.0),M3: Current prices,GPM_PCA: GDP per capita,20: Seasonally Adjusted,AUS: Australia,Q: Quarterly,1993-Q4,6523,AUD: Australian Dollars,0: Units,,
ABS:ANA_AGG(1.0.0),M3: Current prices,GPM_PCA: GDP per capita,20: Seasonally Adjusted,AUS: Australia,Q: Quarterly,1994-Q1,6637,AUD: Australian Dollars,0: Units,,
ABS:ANA_AGG(1.0.0),M3: Current prices,GPM_PCA: GDP per capita,20: Seasonally Adjusted,AUS: Australia,Q: Quarterly,1994-Q2,6709,AUD: Australian Dollars,0: Units,,
ABS:ANA_AGG(1.0.0),M3: Current prices,GPM_PCA: GDP per capita,20: Seasonally Adjusted,AUS: Australia,Q: Quarterly,1994-Q3,6888,AUD: Australian Dollars,0: Units,,
ABS:ANA_AGG(1.0.0),M3: Current prices,GPM_PCA: GDP per capita,20: Seasonally Adjusted,AUS: Australia,Q: Quarterly,1994-Q4,6834,AUD: Australian Dollars,0: Units,,
ABS:ANA_AGG(1.0.0),M3: Current prices,GPM_PCA: GDP per capita,20: Seasonally Adjusted,AUS: Australia,Q: Quarterly,1995-Q1,6939,AUD: Australian Dollars,0: Units,,
ABS:ANA_AGG(1.0.0),M3: Current prices,GPM_PCA: GDP per capita,20: Seasonally Adjusted,AUS: Australia,Q: Quarterly,1995-Q2,7007,AUD: Australian Dollars,0: Units,,
ABS:ANA_AGG(1.0.0),M3: Current prices,GPM_PCA: GDP per capita,20: Seasonally Adjusted,AUS: Australia,Q: Quarterly,1995-Q3,7134,AUD: Australian Dollars,0: Units,,
ABS:ANA_AGG(1.0.0),M3: Current prices,GPM_PCA: GDP per capita,20: Seasonally Adjusted,AUS: Australia,Q: Quarterly,1995-Q4,7251,AUD: Australian Dollars,0: Units,,
ABS:ANA_AGG(1.0.0),M3: Current prices,GPM_PCA: GDP per capita,20: Seasonally Adjusted,AUS: Australia,Q: Quarterly,1996-Q1,7326,AUD: Australian Dollars,0: Units,,
ABS:ANA_AGG(1.0.0),M3: Current prices,GPM_PCA: GDP per capita,20: Seasonally Adjusted,AUS: Australia,Q: Quarterly,1996-Q2,7418,AUD: Australian Dollars,0: Units,,
ABS:ANA_AGG(1.0.0),M3: Current prices,GPM_PCA: GDP per capita,20: Seasonally Adjusted,AUS: Australia,Q: Quarterly,1996-Q3,7436,AUD: Australian Dollars,0: Units,,
ABS:ANA_AGG(1.0.0),M3: Current prices,GPM_PCA: GDP per capita,20: Seasonally Adjusted,AUS: Australia,Q: Quarterly,1996-Q4,7520,AUD: Australian Dollars,0: Units,,
ABS:ANA_AGG(1.0.0),M3: Current prices,GPM_PCA: GDP per capita,20: Seasonally Adjusted,AUS: Australia,Q: Quarterly,1997-Q1,7568,AUD: Australian Dollars,0: Units,,
ABS:ANA_AGG(1.0.0),M3: Current prices,GPM_PCA: GDP per capita,20: Seasonally Adjusted,AUS: Australia,Q: Quarterly,1997-Q2,7742,AUD: Australian Dollars,0: Units,,
ABS:ANA_AGG(1.0.0),M3: Current prices,GPM_PCA: GDP per capita,20: Seasonally Adjusted,AUS: Australia,Q: Quarterly,1997-Q3,7776,AUD: Australian Dollars,0: Units,,
ABS:ANA_AGG(1.0.0),M3: Current prices,GPM_PCA: GDP per capita,20: Seasonally Adjusted,AUS: Australia,Q: Quarterly,1997-Q4,7964,AUD: Australian Dollars,0: Units,,
ABS:ANA_AGG(1.0.0),M3: Current prices,GPM_PCA: GDP per capita,20: Seasonally Adjusted,AUS: Australia,Q: Quarterly,1998-Q1,7997,AUD: Australian Dollars,0: Units,,
ABS:ANA_AGG(1.0.0),M3: Current prices,GPM_PCA: GDP per capita,20: Seasonally Adjusted,AUS: Australia,Q: Quarterly,1998-Q2,8042,AUD: Australian Dollars,0: Units,,
ABS:ANA_AGG(1.0.0),M3: Current prices,GPM_PCA: GDP per capita,20: Seasonally Adjusted,AUS: Australia,Q: Quarterly,1998-Q3,8162,AUD: Australian Dollars,0: Units,,
ABS:ANA_AGG(1.0.0),M3: Current prices,GPM_PCA: GDP per capita,20: Seasonally Adjusted,AUS: Australia,Q: Quarterly,1998-Q4,8293,AUD: Australian Dollars,0: Units,,
ABS:ANA_AGG(1.0.0),M3: Current prices,GPM_PCA: GDP per capita,20: Seasonally Adjusted,AUS: Australia,Q: Quarterly,1999-Q1,8344,AUD: Australian Dollars,0: Units,,
ABS:ANA_AGG(1.0.0),M3: Current prices,GPM_PCA: GDP per capita,20: Seasonally Adjusted,AUS: Australia,Q: Quarterly,1999-Q2,8369,AUD: Australian Dollars,0: Units,,
ABS:ANA_AGG(1.0.0),M3: Current prices,GPM_PCA: GDP per capita,20: Seasonally Adjusted,AUS: Australia,Q: Quarterly,1999-Q3,8501,AUD: Australian Dollars,0: Units,,
ABS:ANA_AGG(1.0.0),M3: Current prices,GPM_PCA: GDP per capita,20: Seasonally Adjusted,AUS: Australia,Q: Quarterly,1999-Q4,8626,AUD: Australian Dollars,0: Units,,
ABS:ANA_AGG(1.0.0),M3: Current prices,GPM_PCA: GDP per capita,20: Seasonally Adjusted,AUS: Australia,Q: Quarterly,2000-Q1,8863,AUD: Australian Dollars,0: Units,,
ABS:ANA_AGG(1.0.0),M3: Current prices,GPM_PCA: GDP per capita,20: Seasonally Adjusted,AUS: Australia,Q: Quarterly,2000-Q2,8945,AUD: Australian Dollars,0: Units,,
ABS:ANA_AGG(1.0.0),M3: Current prices,GPM_PCA: GDP per capita,20: Seasonally Adjusted,AUS: Australia,Q: Quarterly,2000-Q3,9139,AUD: Australian Dollars,0: Units,,
ABS:ANA_AGG(1.0.0),M3: Current prices,GPM_PCA: GDP per capita,20: Seasonally Adjusted,AUS: Australia,Q: Quarterly,2000-Q4,9063,AUD: Australian Dollars,0: Units,,
ABS:ANA_AGG(1.0.0),M3: Current prices,GPM_PCA: GDP per capita,20: Seasonally Adjusted,AUS: Australia,Q: Quarterly,2001-Q1,9289,AUD: Australian Dollars,0: Units,,
ABS:ANA_AGG(1.0.0),M3: Current prices,GPM_PCA: GDP per capita,20: Seasonally Adjusted,AUS: Australia,Q: Quarterly,2001-Q2,9350,AUD: Australian Dollars,0: Units,,
ABS:ANA_AGG(1.0.0),M3: Current prices,GPM_PCA: GDP per capita,20: Seasonally Adjusted,AUS: Australia,Q: Quarterly,2001-Q3,9519,AUD: Australian Dollars,0: Units,,
ABS:ANA_AGG(1.0.0),M3: Current prices,GPM_PCA: GDP per capita,20: Seasonally Adjusted,AUS: Australia,Q: Quarterly,2001-Q4,9625,AUD: Australian Dollars,0: Units,,
ABS:ANA_AGG(1.0.0),M3: Current prices,GPM_PCA: GDP per capita,20: Seasonally Adjusted,AUS: Australia,Q: Quarterly,2002-Q1,9810,AUD: Australian Dollars,0: Units,,
ABS:ANA_AGG(1.0.0),M3: Current prices,GPM_PCA: GDP per capita,20: Seasonally Adjusted,AUS: Australia,Q: Quarterly,2002-Q2,9951,AUD: Australian Dollars,0: Units,,
ABS:ANA_AGG(1.0.0),M3: Current prices,GPM_PCA: GDP per capita,20: Seasonally Adjusted,AUS: Australia,Q: Quarterly,2002-Q3,10067,AUD: Australian Dollars,0: Units,,
ABS:ANA_AGG(1.0.0),M3: Current prices,GPM_PCA: GDP per capita,20: Seasonally Adjusted,AUS: Australia,Q: Quarterly,2002-Q4,10204,AUD: Australian Dollars,0: Units,,
ABS:ANA_AGG(1.0.0),M3: Current prices,GPM_PCA: GDP per capita,20: Seasonally Adjusted,AUS: Australia,Q: Quarterly,2003-Q1,10286,AUD: Australian Dollars,0: Units,,
ABS:ANA_AGG(1.0.0),M3: Current prices,GPM_PCA: GDP per capita,20: Seasonally Adjusted,AUS: Australia,Q: Quarterly,2003-Q2,10356,AUD: Australian Dollars,0: Units,,
ABS:ANA_AGG(1.0.0),M3: Current prices,GPM_PCA: GDP per capita,20: Seasonally Adjusted,AUS: Australia,Q: Quarterly,2003-Q3,10571,AUD: Australian Dollars,0: Units,,
ABS:ANA_AGG(1.0.0),M3: Current prices,GPM_PCA: GDP per capita,20: Seasonally Adjusted,AUS: Australia,Q: Quarterly,2003-Q4,10807,AUD: Australian Dollars,0: Units,,
ABS:ANA_AGG(1.0.0),M3: Current prices,GPM_PCA: GDP per capita,20: Seasonally Adjusted,AUS: Australia,Q: Quarterly,2004-Q1,10986,AUD: Australian Dollars,0: Units,,
ABS:ANA_AGG(1.0.0),M3: Current prices,GPM_PCA: GDP per capita,20: Seasonally Adjusted,AUS: Australia,Q: Quarterly,2004-Q2,11120,AUD: Australian Dollars,0: Units,,
ABS:ANA_AGG(1.0.0),M3: Current prices,GPM_PCA: GDP per capita,20: Seasonally Adjusted,AUS: Australia,Q: Quarterly,2004-Q3,11252,AUD: Australian Dollars,0: Units,,
ABS:ANA_AGG(1.0.0),M3: Current prices,GPM_PCA: GDP per capita,20: Seasonally Adjusted,AUS: Australia,Q: Quarterly,2004-Q4,11412,AUD: Australian Dollars,0: Units,,
ABS:ANA_AGG(1.0.0),M3: Current prices,GPM_PCA: GDP per capita,20: Seasonally Adjusted,AUS: Australia,Q: Quarterly,2005-Q1,11582,AUD: Australian Dollars,0: Units,,
ABS:ANA_AGG(1.0.0),M3: Current prices,GPM_PCA: GDP per capita,20: Seasonally Adjusted,AUS: Australia,Q: Quarterly,2005-Q2,11785,AUD: Australian Dollars,0: Units,,
ABS:ANA_AGG(1.0.0),M3: Current prices,GPM_PCA: GDP per capita,20: Seasonally Adjusted,AUS: Australia,Q: Quarterly,2005-Q3,12030,AUD: Australian Dollars,0: Units,,
ABS:ANA_AGG(1.0.0),M3: Current prices,GPM_PCA: GDP per capita,20: Seasonally Adjusted,AUS: Australia,Q: Quarterly,2005-Q4,12243,AUD: Australian Dollars,0: Units,,
ABS:ANA_AGG(1.0.0),M3: Current prices,GPM_PCA: GDP per capita,20: Seasonally Adjusted,AUS: Australia,Q: Quarterly,2006-Q1,12357,AUD: Australian Dollars,0: Units,,
ABS:ANA_AGG(1.0.0),M3: Current prices,GPM_PCA: GDP per capita,20: Seasonally Adjusted,AUS: Australia,Q: Quarterly,2006-Q2,12465,AUD: Australian Dollars,0: Units,,
ABS:ANA_AGG(1.0.0),M3: Current prices,GPM_PCA: GDP per capita,20: Seasonally Adjusted,AUS: Australia,Q: Quarterly,2006-Q3,12773,AUD: Australian Dollars,0: Units,,
ABS:ANA_AGG(1.0.0),M3: Current prices,GPM_PCA: GDP per capita,20: Seasonally Adjusted,AUS: Australia,Q: Quarterly,2006-Q4,13053,AUD: Australian Dollars,0: Units,,
ABS:ANA_AGG(1.0.0),M3: Current prices,GPM_PCA: GDP per capita,20: Seasonally Adjusted,AUS: Australia,Q: Quarterly,2007-Q1,13334,AUD: Australian Dollars,0: Units,,
ABS:ANA_AGG(1.0.0),M3: Current prices,GPM_PCA: GDP per capita,20: Seasonally Adjusted,AUS: Australia,Q: Quarterly,2007-Q2,13455,AUD: Australian Dollars,0: Units,,
ABS:ANA_AGG(1.0.0),M3: Current prices,GPM_PCA: GDP per capita,20: Seasonally Adjusted,AUS: Australia,Q: Quarterly,2007-Q3,13608,AUD: Australian Dollars,0: Units,,
ABS:ANA_AGG(1.0.0),M3: Current prices,GPM_PCA: GDP per capita,20: Seasonally Adjusted,AUS: Australia,Q: Quarterly,2007-Q4,13812,AUD: Australian Dollars,0: Units,,
ABS:ANA_AGG(1.0.0),M3: Current prices,GPM_PCA: GDP per capita,20: Seasonally Adjusted,AUS: Australia,Q: Quarterly,2008-Q1,14092,AUD: Australian Dollars,0: Units,,
ABS:ANA_AGG(1.0.0),M3: Current prices,GPM_PCA: GDP per capita,20: Seasonally Adjusted,AUS: Australia,Q: Quarterly,2008-Q2,14381,AUD: Australian Dollars,0: Units,,
ABS:ANA_AGG(1.0.0),M3: Current prices,GPM_PCA: GDP per capita,20: Seasonally Adjusted,AUS: Australia,Q: Quarterly,2008-Q3,14755,AUD: Australian Dollars,0: Units,,
ABS:ANA_AGG(1.0.0),M3: Current prices,GPM_PCA: GDP per capita,20: Seasonally Adjusted,AUS: Australia,Q: Quarterly,2008-Q4,14707,AUD: Australian Dollars,0: Units,,
ABS:ANA_AGG(1.0.0),M3: Current prices,GPM_PCA: GDP per capita,20: Seasonally Adjusted,AUS: Australia,Q: Quarterly,2009-Q1,14684,AUD: Australian Dollars,0: Units,,
ABS:ANA_AGG(1.0.0),M3: Current prices,GPM_PCA: GDP per capita,20: Seasonally Adjusted,AUS: Australia,Q: Quarterly,2009-Q2,14410,AUD: Australian Dollars,0: Units,,
ABS:ANA_AGG(1.0.0),M3: Current prices,GPM_PCA: GDP per capita,20: Seasonally Adjusted,AUS: Australia,Q: Quarterly,2009-Q3,14394,AUD: Australian Dollars,0: Units,,
ABS:ANA_AGG(1.0.0),M3: Current prices,GPM_PCA: GDP per capita,20: Seasonally Adjusted,AUS: Australia,Q: Quarterly,2009-Q4,14659,AUD: Australian Dollars,0: Units,,
ABS:ANA_AGG(1.0.0),M3: Current prices,GPM_PCA: GDP per capita,20: Seasonally Adjusted,AUS: Australia,Q: Quarterly,2010-Q1,14943,AUD: Australian Dollars,0: Units,,
ABS:ANA_AGG(1.0.0),M3: Current prices,GPM_PCA: GDP per capita,20: Seasonally Adjusted,AUS: Australia,Q: Quarterly,2010-Q2,15416,AUD: Australian Dollars,0: Units,,
ABS:ANA_AGG(1.0.0),M3: Current prices,GPM_PCA: GDP per capita,20: Seasonally Adjusted,AUS: Australia,Q: Quarterly,2010-Q3,15592,AUD: Australian Dollars,0: Units,,
ABS:ANA_AGG(1.0.0),M3: Current prices,GPM_PCA: GDP per capita,20: Seasonally Adjusted,AUS: Australia,Q: Quarterly,2010-Q4,15832,AUD: Australian Dollars,0: Units,,
ABS:ANA_AGG(1.0.0),M3: Current prices,GPM_PCA: GDP per capita,20: Seasonally Adjusted,AUS: Australia,Q: Quarterly,2011-Q1,16019,AUD: Australian Dollars,0: Units,,
ABS:ANA_AGG(1.0.0),M3: Current prices,GPM_PCA: GDP per capita,20: Seasonally Adjusted,AUS: Australia,Q: Quarterly,2011-Q2,16366,AUD: Australian Dollars,0: Units,,
ABS:ANA_AGG(1.0.0),M3: Current prices,GPM_PCA: GDP per capita,20: Seasonally Adjusted,AUS: Australia,Q: Quarterly,2011-Q3,16601,AUD: Australian Dollars,0: Units,,
ABS:ANA_AGG(1.0.0),M3: Current prices,GPM_PCA: GDP per capita,20: Seasonally Adjusted,AUS: Australia,Q: Quarterly,2011-Q4,16554,AUD: Australian Dollars,0: Units,,
ABS:ANA_AGG(1.0.0),M3: Current prices,GPM_PCA: GDP per capita,20: Seasonally Adjusted,AUS: Australia,Q: Quarterly,2012-Q1,16521,AUD: Australian Dollars,0: Units,,
ABS:ANA_AGG(1.0.0),M3: Current prices,GPM_PCA: GDP per capita,20: Seasonally Adjusted,AUS: Australia,Q: Quarterly,2012-Q2,16688,AUD: Australian Dollars,0: Units,,
ABS:ANA_AGG(1.0.0),M3: Current prices,GPM_PCA: GDP per capita,20: Seasonally Adjusted,AUS: Australia,Q: Quarterly,2012-Q3,16649,AUD: Australian Dollars,0: Units,,
ABS:ANA_AGG(1.0.0),M3: Current prices,GPM_PCA: GDP per capita,20: Seasonally Adjusted,AUS: Australia,Q: Quarterly,2012-Q4,16643,AUD: Australian Dollars,0: Units,,
ABS:ANA_AGG(1.0.0),M3: Current prices,GPM_PCA: GDP per capita,20: Seasonally Adjusted,AUS: Australia,Q: Quarterly,2013-Q1,16722,AUD: Australian Dollars,0: Units,,
ABS:ANA_AGG(1.0.0),M3: Current prices,GPM_PCA: GDP per capita,20: Seasonally Adjusted,AUS: Australia,Q: Quarterly,2013-Q2,16851,AUD: Australian Dollars,0: Units,,
ABS:ANA_AGG(1.0.0),M3: Current prices,GPM_PCA: GDP per capita,20: Seasonally Adjusted,AUS: Australia,Q: Quarterly,2013-Q3,16962,AUD: Australian Dollars,0: Units,,
ABS:ANA_AGG(1.0.0),M3: Current prices,GPM_PCA: GDP per capita,20: Seasonally Adjusted,AUS: Australia,Q: Quarterly,2013-Q4,17159,AUD: Australian Dollars,0: Units,,
ABS:ANA_AGG(1.0.0),M3: Current prices,GPM_PCA: GDP per capita,20: Seasonally Adjusted,AUS: Australia,Q: Quarterly,2014-Q1,17221,AUD: Australian Dollars,0: Units,,
ABS:ANA_AGG(1.0.0),M3: Current prices,GPM_PCA: GDP per capita,20: Seasonally Adjusted,AUS: Australia,Q: Quarterly,2014-Q2,17164,AUD: Australian Dollars,0: Units,,
ABS:ANA_AGG(1.0.0),M3: Current prices,GPM_PCA: GDP per capita,20: Seasonally Adjusted,AUS: Australia,Q: Quarterly,2014-Q3,17090,AUD: Australian Dollars,0: Units,,
ABS:ANA_AGG(1.0.0),M3: Current prices,GPM_PCA: GDP per capita,20: Seasonally Adjusted,AUS: Australia,Q: Quarterly,2014-Q4,17132,AUD: Australian Dollars,0: Units,,
ABS:ANA_AGG(1.0.0),M3: Current prices,GPM_PCA: GDP per capita,20: Seasonally Adjusted,AUS: Australia,Q: Quarterly,2015-Q1,17179,AUD: Australian Dollars,0: Units,,
ABS:ANA_AGG(1.0.0),M3: Current prices,GPM_PCA: GDP per capita,20: Seasonally Adjusted,AUS: Australia,Q: Quarterly,2015-Q2,17099,AUD: Australian Dollars,0: Units,,
ABS:ANA_AGG(1.0.0),M3: Current prices,GPM_PCA: GDP per capita,20: Seasonally Adjusted,AUS: Australia,Q: Quarterly,2015-Q3,17224,AUD: Australian Dollars,0: Units,,
ABS:ANA_AGG(1.0.0),M3: Current prices,GPM_PCA: GDP per capita,20: Seasonally Adjusted,AUS: Australia,Q: Quarterly,2015-Q4,17168,AUD: Australian Dollars,0: Units,,
ABS:ANA_AGG(1.0.0),M3: Current prices,GPM_PCA: GDP per capita,20: Seasonally Adjusted,AUS: Australia,Q: Quarterly,2016-Q1,17205,AUD: Australian Dollars,0: Units,,
ABS:ANA_AGG(1.0.0),M3: Current prices,GPM_PCA: GDP per capita,20: Seasonally Adjusted,AUS: Australia,Q: Quarterly,2016-Q2,17355,AUD: Australian Dollars,0: Units,,
ABS:ANA_AGG(1.0.0),M3: Current prices,GPM_PCA: GDP per capita,20: Seasonally Adjusted,AUS: Australia,Q: Quarterly,2016-Q3,17510,AUD: Australian Dollars,0: Units,,
ABS:ANA_AGG(1.0.0),M3: Current prices,GPM_PCA: GDP per capita,20: Seasonally Adjusted,AUS: Australia,Q: Quarterly,2016-Q4,18011,AUD: Australian Dollars,0: Units,,
ABS:ANA_AGG(1.0.0),M3: Current prices,GPM_PCA: GDP per capita,20: Seasonally Adjusted,AUS: Australia,Q: Quarterly,2017-Q1,18249,AUD: Australian Dollars,0: Units,,
ABS:ANA_AGG(1.0.0),M3: Current prices,GPM_PCA: GDP per capita,20: Seasonally Adjusted,AUS: Australia,Q: Quarterly,2017-Q2,18173,AUD: Australian Dollars,0: Units,,
ABS:ANA_AGG(1.0.0),M3: Current prices,GPM_PCA: GDP per capita,20: Seasonally Adjusted,AUS: Australia,Q: Quarterly,2017-Q3,18330,AUD: Australian Dollars,0: Units,,
ABS:ANA_AGG(1.0.0),M3: Current prices,GPM_PCA: GDP per capita,20: Seasonally Adjusted,AUS: Australia,Q: Quarterly,2017-Q4,18383,AUD: Australian Dollars,0: Units,,
ABS:ANA_AGG(1.0.0),M3: Current prices,GPM_PCA: GDP per capita,20: Seasonally Adjusted,AUS: Australia,Q: Quarterly,2018-Q1,18649,AUD: Australian Dollars,0: Units,,
ABS:ANA_AGG(1.0.0),M3: Current prices,GPM_PCA: GDP per capita,20: Seasonally Adjusted,AUS: Australia,Q: Quarterly,2018-Q2,18821,AUD: Australian Dollars,0: Units,,
ABS:ANA_AGG(1.0.0),M3: Current prices,GPM_PCA: GDP per capita,20: Seasonally Adjusted,AUS: Australia,Q: Quarterly,2018-Q3,19030,AUD: Australian Dollars,0: Units,,
ABS:ANA_AGG(1.0.0),M3: Current prices,GPM_PCA: GDP per capita,20: Seasonally Adjusted,AUS: Australia,Q: Quarterly,2018-Q4,19162,AUD: Australian Dollars,0: Units,,
ABS:ANA_AGG(1.0.0),M3: Current prices,GPM_PCA: GDP per capita,20: Seasonally Adjusted,AUS: Australia,Q: Quarterly,2019-Q1,19330,AUD: Australian Dollars,0: Units,,
ABS:ANA_AGG(1.0.0),M3: Current prices,GPM_PCA: GDP per capita,20: Seasonally Adjusted,AUS: Australia,Q: Quarterly,2019-Q2,19586,AUD: Australian Dollars,0: Units,,
ABS:ANA_AGG(1.0.0),M3: Current prices,GPM_PCA: GDP per capita,20: Seasonally Adjusted,AUS: Australia,Q: Quarterly,2019-Q3,19822,AUD: Australian Dollars,0: Units,,
ABS:ANA_AGG(1.0.0),M3: Current prices,GPM_PCA: GDP per capita,20: Seasonally Adjusted,AUS: Australia,Q: Quarterly,2019-Q4,19711,AUD: Australian Dollars,0: Units,,
ABS:ANA_AGG(1.0.0),M3: Current prices,GPM_PCA: GDP per capita,20: Seasonally Adjusted,AUS: Australia,Q: Quarterly,2020-Q1,19665,AUD: Australian Dollars,0: Units,,
ABS:ANA_AGG(1.0.0),M3: Current prices,GPM_PCA: GDP per capita,20: Seasonally Adjusted,AUS: Australia,Q: Quarterly,2020-Q2,18154,AUD: Australian Dollars,0: Units,,
ABS:ANA_AGG(1.0.0),M3: Current prices,GPM_PCA: GDP per capita,20: Seasonally Adjusted,AUS: Australia,Q: Quarterly,2020-Q3,18975,AUD: Australian Dollars,0: Units,,
ABS:ANA_AGG(1.0.0),M3: Current prices,GPM_PCA: GDP per capita,20: Seasonally Adjusted,AUS: Australia,Q: Quarterly,2020-Q4,19790,AUD: Australian Dollars,0: Units,,
ABS:ANA_AGG(1.0.0),M3: Current prices,GPM_PCA: GDP per capita,20: Seasonally Adjusted,AUS: Australia,Q: Quarterly,2021-Q1,20534,AUD: Australian Dollars,0: Units,,
ABS:ANA_AGG(1.0.0),M3: Current prices,GPM_PCA: GDP per capita,20: Seasonally Adjusted,AUS: Australia,Q: Quarterly,2021-Q2,21153,AUD: Australian Dollars,0: Units,,
ABS:ANA_AGG(1.0.0),M3: Current prices,GPM_PCA: GDP per capita,20: Seasonally Adjusted,AUS: Australia,Q: Quarterly,2021-Q3,21030,AUD: Australian Dollars,0: Units,,
ABS:ANA_AGG(1.0.0),M3: Current prices,GPM_PCA: GDP per capita,20: Seasonally Adjusted,AUS: Australia,Q: Quarterly,2021-Q4,21741,AUD: Australian Dollars,0: Units,,
ABS:ANA_AGG(1.0.0),M3: Current prices,GPM_PCA: GDP per capita,20: Seasonally Adjusted,AUS: Australia,Q: Quarterly,2022-Q1,22450,AUD: Australian Dollars,0: Units,,
ABS:ANA_AGG(1.0.0),M1: Chain volume measures,GPM_PCA: GDP per capita,20: Seasonally Adjusted,AUS: Australia,Q: Quarterly,1989-Q1,12111,AUD: Australian Dollars,0: Units,,
ABS:ANA_AGG(1.0.0),M1: Chain volume measures,GPM_PCA: GDP per capita,20: Seasonally Adjusted,AUS: Australia,Q: Quarterly,1989-Q2,12325,AUD: Australian Dollars,0: Units,,
ABS:ANA_AGG(1.0.0),M1: Chain volume measures,GPM_PCA: GDP per capita,20: Seasonally Adjusted,AUS: Australia,Q: Quarterly,1989-Q3,12386,AUD: Australian Dollars,0: Units,,
ABS:ANA_AGG(1.0.0),M1: Chain volume measures,GPM_PCA: GDP per capita,20: Seasonally Adjusted,AUS: Australia,Q: Quarterly,1989-Q4,12304,AUD: Australian Dollars,0: Units,,
ABS:ANA_AGG(1.0.0),M1: Chain volume measures,GPM_PCA: GDP per capita,20: Seasonally Adjusted,AUS: Australia,Q: Quarterly,1990-Q1,12358,AUD: Australian Dollars,0: Units,,
ABS:ANA_AGG(1.0.0),M1: Chain volume measures,GPM_PCA: GDP per capita,20: Seasonally Adjusted,AUS: Australia,Q: Quarterly,1990-Q2,12325,AUD: Australian Dollars,0: Units,,
ABS:ANA_AGG(1.0.0),M1: Chain volume measures,GPM_PCA: GDP per capita,20: Seasonally Adjusted,AUS: Australia,Q: Quarterly,1990-Q3,12215,AUD: Australian Dollars,0: Units,,
ABS:ANA_AGG(1.0.0),M1: Chain volume measures,GPM_PCA: GDP per capita,20: Seasonally Adjusted,AUS: Australia,Q: Quarterly,1990-Q4,12250,AUD: Australian Dollars,0: Units,,
ABS:ANA_AGG(1.0.0),M1: Chain volume measures,GPM_PCA: GDP per capita,20: Seasonally Adjusted,AUS: Australia,Q: Quarterly,1991-Q1,12052,AUD: Australian Dollars,0: Units,,
ABS:ANA_AGG(1.0.0),M1: Chain volume measures,GPM_PCA: GDP per capita,20: Seasonally Adjusted,AUS: Australia,Q: Quarterly,1991-Q2,11994,AUD: Australian Dollars,0: Units,,
ABS:ANA_AGG(1.0.0),M1: Chain volume measures,GPM_PCA: GDP per capita,20: Seasonally Adjusted,AUS: Australia,Q: Quarterly,1991-Q3,12010,AUD: Australian Dollars,0: Units,,
ABS:ANA_AGG(1.0.0),M1: Chain volume measures,GPM_PCA: GDP per capita,20: Seasonally Adjusted,AUS: Australia,Q: Quarterly,1991-Q4,11985,AUD: Australian Dollars,0: Units,,
ABS:ANA_AGG(1.0.0),M1: Chain volume measures,GPM_PCA: GDP per capita,20: Seasonally Adjusted,AUS: Australia,Q: Quarterly,1992-Q1,12042,AUD: Australian Dollars,0: Units,,
ABS:ANA_AGG(1.0.0),M1: Chain volume measures,GPM_PCA: GDP per capita,20: Seasonally Adjusted,AUS: Australia,Q: Quarterly,1992-Q2,12096,AUD: Australian Dollars,0: Units,,
ABS:ANA_AGG(1.0.0),M1: Chain volume measures,GPM_PCA: GDP per capita,20: Seasonally Adjusted,AUS: Australia,Q: Quarterly,1992-Q3,12187,AUD: Australian Dollars,0: Units,,
ABS:ANA_AGG(1.0.0),M1: Chain volume measures,GPM_PCA: GDP per capita,20: Seasonally Adjusted,AUS: Australia,Q: Quarterly,1992-Q4,12411,AUD: Australian Dollars,0: Units,,
ABS:ANA_AGG(1.0.0),M1: Chain volume measures,GPM_PCA: GDP per capita,20: Seasonally Adjusted,AUS: Australia,Q: Quarterly,1993-Q1,12470,AUD: Australian Dollars,0: Units,,
ABS:ANA_AGG(1.0.0),M1: Chain volume measures,GPM_PCA: GDP per capita,20: Seasonally Adjusted,AUS: Australia,Q: Quarterly,1993-Q2,12519,AUD: Australian Dollars,0: Units,,
ABS:ANA_AGG(1.0.0),M1: Chain volume measures,GPM_PCA: GDP per capita,20: Seasonally Adjusted,AUS: Australia,Q: Quarterly,1993-Q3,12503,AUD: Australian Dollars,0: Units,,
ABS:ANA_AGG(1.0.0),M1: Chain volume measures,GPM_PCA: GDP per capita,20: Seasonally Adjusted,AUS: Australia,Q: Quarterly,1993-Q4,12703,AUD: Australian Dollars,0: Units,,
ABS:ANA_AGG(1.0.0),M1: Chain volume measures,GPM_PCA: GDP per capita,20: Seasonally Adjusted,AUS: Australia,Q: Quarterly,1994-Q1,12880,AUD: Australian Dollars,0: Units,,
ABS:ANA_AGG(1.0.0),M1: Chain volume measures,GPM_PCA: GDP per capita,20: Seasonally Adjusted,AUS: Australia,Q: Quarterly,1994-Q2,13004,AUD: Australian Dollars,0: Units,,
ABS:ANA_AGG(1.0.0),M1: Chain volume measures,GPM_PCA: GDP per capita,20: Seasonally Adjusted,AUS: Australia,Q: Quarterly,1994-Q3,13067,AUD: Australian Dollars,0: Units,,
ABS:ANA_AGG(1.0.0),M1: Chain volume measures,GPM_PCA: GDP per capita,20: Seasonally Adjusted,AUS: Australia,Q: Quarterly,1994-Q4,13175,AUD: Australian Dollars,0: Units,,
ABS:ANA_AGG(1.0.0),M1: Chain volume measures,GPM_PCA: GDP per capita,20: Seasonally Adjusted,AUS: Australia,Q: Quarterly,1995-Q1,13145,AUD: Australian Dollars,0: Units,,
ABS:ANA_AGG(1.0.0),M1: Chain volume measures,GPM_PCA: GDP per capita,20: Seasonally Adjusted,AUS: Australia,Q: Quarterly,1995-Q2,13153,AUD: Australian Dollars,0: Units,,
ABS:ANA_AGG(1.0.0),M1: Chain volume measures,GPM_PCA: GDP per capita,20: Seasonally Adjusted,AUS: Australia,Q: Quarterly,1995-Q3,13409,AUD: Australian Dollars,0: Units,,
ABS:ANA_AGG(1.0.0),M1: Chain volume measures,GPM_PCA: GDP per capita,20: Seasonally Adjusted,AUS: Australia,Q: Quarterly,1995-Q4,13360,AUD: Australian Dollars,0: Units,,
ABS:ANA_AGG(1.0.0),M1: Chain volume measures,GPM_PCA: GDP per capita,20: Seasonally Adjusted,AUS: Australia,Q: Quarterly,1996-Q1,13544,AUD: Australian Dollars,0: Units,,
ABS:ANA_AGG(1.0.0),M1: Chain volume measures,GPM_PCA: GDP per capita,20: Seasonally Adjusted,AUS: Australia,Q: Quarterly,1996-Q2,13595,AUD: Australian Dollars,0: Units,,
ABS:ANA_AGG(1.0.0),M1: Chain volume measures,GPM_PCA: GDP per capita,20: Seasonally Adjusted,AUS: Australia,Q: Quarterly,1996-Q3,13659,AUD: Australian Dollars,0: Units,,
ABS:ANA_AGG(1.0.0),M1: Chain volume measures,GPM_PCA: GDP per capita,20: Seasonally Adjusted,AUS: Australia,Q: Quarterly,1996-Q4,13746,AUD: Australian Dollars,0: Units,,
ABS:ANA_AGG(1.0.0),M1: Chain volume measures,GPM_PCA: GDP per capita,20: Seasonally Adjusted,AUS: Australia,Q: Quarterly,1997-Q1,13795,AUD: Australian Dollars,0: Units,,
ABS:ANA_AGG(1.0.0),M1: Chain volume measures,GPM_PCA: GDP per capita,20: Seasonally Adjusted,AUS: Australia,Q: Quarterly,1997-Q2,14172,AUD: Australian Dollars,0: Units,,
ABS:ANA_AGG(1.0.0),M1: Chain volume measures,GPM_PCA: GDP per capita,20: Seasonally Adjusted,AUS: Australia,Q: Quarterly,1997-Q3,14158,AUD: Australian Dollars,0: Units,,
ABS:ANA_AGG(1.0.0),M1: Chain volume measures,GPM_PCA: GDP per capita,20: Seasonally Adjusted,AUS: Australia,Q: Quarterly,1997-Q4,14328,AUD: Australian Dollars,0: Units,,
ABS:ANA_AGG(1.0.0),M1: Chain volume measures,GPM_PCA: GDP per capita,20: Seasonally Adjusted,AUS: Australia,Q: Quarterly,1998-Q1,14385,AUD: Australian Dollars,0: Units,,
ABS:ANA_AGG(1.0.0),M1: Chain volume measures,GPM_PCA: GDP per capita,20: Seasonally Adjusted,AUS: Australia,Q: Quarterly,1998-Q2,14482,AUD: Australian Dollars,0: Units,,
ABS:ANA_AGG(1.0.0),M1: Chain volume measures,GPM_PCA: GDP per capita,20: Seasonally Adjusted,AUS: Australia,Q: Quarterly,1998-Q3,14716,AUD: Australian Dollars,0: Units,,
ABS:ANA_AGG(1.0.0),M1: Chain volume measures,GPM_PCA: GDP per capita,20: Seasonally Adjusted,AUS: Australia,Q: Quarterly,1998-Q4,14897,AUD: Australian Dollars,0: Units,,
ABS:ANA_AGG(1.0.0),M1: Chain volume measures,GPM_PCA: GDP per capita,20: Seasonally Adjusted,AUS: Australia,Q: Quarterly,1999-Q1,14966,AUD: Australian Dollars,0: Units,,
ABS:ANA_AGG(1.0.0),M1: Chain volume measures,GPM_PCA: GDP per capita,20: Seasonally Adjusted,AUS: Australia,Q: Quarterly,1999-Q2,14972,AUD: Australian Dollars,0: Units,,
ABS:ANA_AGG(1.0.0),M1: Chain volume measures,GPM_PCA: GDP per capita,20: Seasonally Adjusted,AUS: Australia,Q: Quarterly,1999-Q3,15101,AUD: Australian Dollars,0: Units,,
ABS:ANA_AGG(1.0.0),M1: Chain volume measures,GPM_PCA: GDP per capita,20: Seasonally Adjusted,AUS: Australia,Q: Quarterly,1999-Q4,15315,AUD: Australian Dollars,0: Units,,
ABS:ANA_AGG(1.0.0),M1: Chain volume measures,GPM_PCA: GDP per capita,20: Seasonally Adjusted,AUS: Australia,Q: Quarterly,2000-Q1,15333,AUD: Australian Dollars,0: Units,,
ABS:ANA_AGG(1.0.0),M1: Chain volume measures,GPM_PCA: GDP per capita,20: Seasonally Adjusted,AUS: Australia,Q: Quarterly,2000-Q2,15433,AUD: Australian Dollars,0: Units,,
ABS:ANA_AGG(1.0.0),M1: Chain volume measures,GPM_PCA: GDP per capita,20: Seasonally Adjusted,AUS: Australia,Q: Quarterly,2000-Q3,15425,AUD: Australian Dollars,0: Units,,
ABS:ANA_AGG(1.0.0),M1: Chain volume measures,GPM_PCA: GDP per capita,20: Seasonally Adjusted,AUS: Australia,Q: Quarterly,2000-Q4,15324,AUD: Australian Dollars,0: Units,,
ABS:ANA_AGG(1.0.0),M1: Chain volume measures,GPM_PCA: GDP per capita,20: Seasonally Adjusted,AUS: Australia,Q: Quarterly,2001-Q1,15427,AUD: Australian Dollars,0: Units,,
ABS:ANA_AGG(1.0.0),M1: Chain volume measures,GPM_PCA: GDP per capita,20: Seasonally Adjusted,AUS: Australia,Q: Quarterly,2001-Q2,15503,AUD: Australian Dollars,0: Units,,
ABS:ANA_AGG(1.0.0),M1: Chain volume measures,GPM_PCA: GDP per capita,20: Seasonally Adjusted,AUS: Australia,Q: Quarterly,2001-Q3,15643,AUD: Australian Dollars,0: Units,,
ABS:ANA_AGG(1.0.0),M1: Chain volume measures,GPM_PCA: GDP per capita,20: Seasonally Adjusted,AUS: Australia,Q: Quarterly,2001-Q4,15784,AUD: Australian Dollars,0: Units,,
ABS:ANA_AGG(1.0.0),M1: Chain volume measures,GPM_PCA: GDP per capita,20: Seasonally Adjusted,AUS: Australia,Q: Quarterly,2002-Q1,15862,AUD: Australian Dollars,0: Units,,
ABS:ANA_AGG(1.0.0),M1: Chain volume measures,GPM_PCA: GDP per capita,20: Seasonally Adjusted,AUS: Australia,Q: Quarterly,2002-Q2,16088,AUD: Australian Dollars,0: Units,,
ABS:ANA_AGG(1.0.0),M1: Chain volume measures,GPM_PCA: GDP per capita,20: Seasonally Adjusted,AUS: Australia,Q: Quarterly,2002-Q3,16092,AUD: Australian Dollars,0: Units,,
ABS:ANA_AGG(1.0.0),M1: Chain volume measures,GPM_PCA: GDP per capita,20: Seasonally Adjusted,AUS: Australia,Q: Quarterly,2002-Q4,16176,AUD: Australian Dollars,0: Units,,
ABS:ANA_AGG(1.0.0),M1: Chain volume measures,GPM_PCA: GDP per capita,20: Seasonally Adjusted,AUS: Australia,Q: Quarterly,2003-Q1,16162,AUD: Australian Dollars,0: Units,,
ABS:ANA_AGG(1.0.0),M1: Chain volume measures,GPM_PCA: GDP per capita,20: Seasonally Adjusted,AUS: Australia,Q: Quarterly,2003-Q2,16182,AUD: Australian Dollars,0: Units,,
ABS:ANA_AGG(1.0.0),M1: Chain volume measures,GPM_PCA: GDP per capita,20: Seasonally Adjusted,AUS: Australia,Q: Quarterly,2003-Q3,16419,AUD: Australian Dollars,0: Units,,
ABS:ANA_AGG(1.0.0),M1: Chain volume measures,GPM_PCA: GDP per capita,20: Seasonally Adjusted,AUS: Australia,Q: Quarterly,2003-Q4,16642,AUD: Australian Dollars,0: Units,,
ABS:ANA_AGG(1.0.0),M1: Chain volume measures,GPM_PCA: GDP per capita,20: Seasonally Adjusted,AUS: Australia,Q: Quarterly,2004-Q1,16729,AUD: Australian Dollars,0: Units,,
ABS:ANA_AGG(1.0.0),M1: Chain volume measures,GPM_PCA: GDP per capita,20: Seasonally Adjusted,AUS: Australia,Q: Quarterly,2004-Q2,16796,AUD: Australian Dollars,0: Units,,
ABS:ANA_AGG(1.0.0),M1: Chain volume measures,GPM_PCA: GDP per capita,20: Seasonally Adjusted,AUS: Australia,Q: Quarterly,2004-Q3,16877,AUD: Australian Dollars,0: Units,,
ABS:ANA_AGG(1.0.0),M1: Chain volume measures,GPM_PCA: GDP per capita,20: Seasonally Adjusted,AUS: Australia,Q: Quarterly,2004-Q4,16955,AUD: Australian Dollars,0: Units,,
ABS:ANA_AGG(1.0.0),M1: Chain volume measures,GPM_PCA: GDP per capita,20: Seasonally Adjusted,AUS: Australia,Q: Quarterly,2005-Q1,17029,AUD: Australian Dollars,0: Units,,
ABS:ANA_AGG(1.0.0),M1: Chain volume measures,GPM_PCA: GDP per capita,20: Seasonally Adjusted,AUS: Australia,Q: Quarterly,2005-Q2,17049,AUD: Australian Dollars,0: Units,,
ABS:ANA_AGG(1.0.0),M1: Chain volume measures,GPM_PCA: GDP per capita,20: Seasonally Adjusted,AUS: Australia,Q: Quarterly,2005-Q3,17184,AUD: Australian Dollars,0: Units,,
ABS:ANA_AGG(1.0.0),M1: Chain volume measures,GPM_PCA: GDP per capita,20: Seasonally Adjusted,AUS: Australia,Q: Quarterly,2005-Q4,17255,AUD: Australian Dollars,0: Units,,
ABS:ANA_AGG(1.0.0),M1: Chain volume measures,GPM_PCA: GDP per capita,20: Seasonally Adjusted,AUS: Australia,Q: Quarterly,2006-Q1,17216,AUD: Australian Dollars,0: Units,,
ABS:ANA_AGG(1.0.0),M1: Chain volume measures,GPM_PCA: GDP per capita,20: Seasonally Adjusted,AUS: Australia,Q: Quarterly,2006-Q2,17194,AUD: Australian Dollars,0: Units,,
ABS:ANA_AGG(1.0.0),M1: Chain volume measures,GPM_PCA: GDP per capita,20: Seasonally Adjusted,AUS: Australia,Q: Quarterly,2006-Q3,17375,AUD: Australian Dollars,0: Units,,
ABS:ANA_AGG(1.0.0),M1: Chain volume measures,GPM_PCA: GDP per capita,20: Seasonally Adjusted,AUS: Australia,Q: Quarterly,2006-Q4,17522,AUD: Australian Dollars,0: Units,,
ABS:ANA_AGG(1.0.0),M1: Chain volume measures,GPM_PCA: GDP per capita,20: Seasonally Adjusted,AUS: Australia,Q: Quarterly,2007-Q1,17683,AUD: Australian Dollars,0: Units,,
ABS:ANA_AGG(1.0.0),M1: Chain volume measures,GPM_PCA: GDP per capita,20: Seasonally Adjusted,AUS: Australia,Q: Quarterly,2007-Q2,17709,AUD: Australian Dollars,0: Units,,
ABS:ANA_AGG(1.0.0),M1: Chain volume measures,GPM_PCA: GDP per capita,20: Seasonally Adjusted,AUS: Australia,Q: Quarterly,2007-Q3,17831,AUD: Australian Dollars,0: Units,,
ABS:ANA_AGG(1.0.0),M1: Chain volume measures,GPM_PCA: GDP per capita,20: Seasonally Adjusted,AUS: Australia,Q: Quarterly,2007-Q4,17821,AUD: Australian Dollars,0: Units,,
ABS:ANA_AGG(1.0.0),M1: Chain volume measures,GPM_PCA: GDP per capita,20: Seasonally Adjusted,AUS: Australia,Q: Quarterly,2008-Q1,17906,AUD: Australian Dollars,0: Units,,
ABS:ANA_AGG(1.0.0),M1: Chain volume measures,GPM_PCA: GDP per capita,20: Seasonally Adjusted,AUS: Australia,Q: Quarterly,2008-Q2,17868,AUD: Australian Dollars,0: Units,,
ABS:ANA_AGG(1.0.0),M1: Chain volume measures,GPM_PCA: GDP per capita,20: Seasonally Adjusted,AUS: Australia,Q: Quarterly,2008-Q3,17897,AUD: Australian Dollars,0: Units,,
ABS:ANA_AGG(1.0.0),M1: Chain volume measures,GPM_PCA: GDP per capita,20: Seasonally Adjusted,AUS: Australia,Q: Quarterly,2008-Q4,17717,AUD: Australian Dollars,0: Units,,
ABS:ANA_AGG(1.0.0),M1: Chain volume measures,GPM_PCA: GDP per capita,20: Seasonally Adjusted,AUS: Australia,Q: Quarterly,2009-Q1,17790,AUD: Australian Dollars,0: Units,,
ABS:ANA_AGG(1.0.0),M1: Chain volume measures,GPM_PCA: GDP per capita,20: Seasonally Adjusted,AUS: Australia,Q: Quarterly,2009-Q2,17839,AUD: Australian Dollars,0: Units,,
ABS:ANA_AGG(1.0.0),M1: Chain volume measures,GPM_PCA: GDP per capita,20: Seasonally Adjusted,AUS: Australia,Q: Quarterly,2009-Q3,17815,AUD: Australian Dollars,0: Units,,
ABS:ANA_AGG(1.0.0),M1: Chain volume measures,GPM_PCA: GDP per capita,20: Seasonally Adjusted,AUS: Australia,Q: Quarterly,2009-Q4,17880,AUD: Australian Dollars,0: Units,,
ABS:ANA_AGG(1.0.0),M1: Chain volume measures,GPM_PCA: GDP per capita,20: Seasonally Adjusted,AUS: Australia,Q: Quarterly,2010-Q1,17891,AUD: Australian Dollars,0: Units,,
ABS:ANA_AGG(1.0.0),M1: Chain volume measures,GPM_PCA: GDP per capita,20: Seasonally Adjusted,AUS: Australia,Q: Quarterly,2010-Q2,17947,AUD: Australian Dollars,0: Units,,
ABS:ANA_AGG(1.0.0),M1: Chain volume measures,GPM_PCA: GDP per capita,20: Seasonally Adjusted,AUS: Australia,Q: Quarterly,2010-Q3,18015,AUD: Australian Dollars,0: Units,,
ABS:ANA_AGG(1.0.0),M1: Chain volume measures,GPM_PCA: GDP per capita,20: Seasonally Adjusted,AUS: Australia,Q: Quarterly,2010-Q4,18112,AUD: Australian Dollars,0: Units,,
ABS:ANA_AGG(1.0.0),M1: Chain volume measures,GPM_PCA: GDP per capita,20: Seasonally Adjusted,AUS: Australia,Q: Quarterly,2011-Q1,17994,AUD: Australian Dollars,0: Units,,
ABS:ANA_AGG(1.0.0),M1: Chain volume measures,GPM_PCA: GDP per capita,20: Seasonally Adjusted,AUS: Australia,Q: Quarterly,2011-Q2,18160,AUD: Australian Dollars,0: Units,,
ABS:ANA_AGG(1.0.0),M1: Chain volume measures,GPM_PCA: GDP per capita,20: Seasonally Adjusted,AUS: Australia,Q: Quarterly,2011-Q3,18330,AUD: Australian Dollars,0: Units,,
ABS:ANA_AGG(1.0.0),M1: Chain volume measures,GPM_PCA: GDP per capita,20: Seasonally Adjusted,AUS: Australia,Q: Quarterly,2011-Q4,18448,AUD: Australian Dollars,0: Units,,
ABS:ANA_AGG(1.0.0),M1: Chain volume measures,GPM_PCA: GDP per capita,20: Seasonally Adjusted,AUS: Australia,Q: Quarterly,2012-Q1,18539,AUD: Australian Dollars,0: Units,,
ABS:ANA_AGG(1.0.0),M1: Chain volume measures,GPM_PCA: GDP per capita,20: Seasonally Adjusted,AUS: Australia,Q: Quarterly,2012-Q2,18592,AUD: Australian Dollars,0: Units,,
ABS:ANA_AGG(1.0.0),M1: Chain volume measures,GPM_PCA: GDP per capita,20: Seasonally Adjusted,AUS: Australia,Q: Quarterly,2012-Q3,18622,AUD: Australian Dollars,0: Units,,
ABS:ANA_AGG(1.0.0),M1: Chain volume measures,GPM_PCA: GDP per capita,20: Seasonally Adjusted,AUS: Australia,Q: Quarterly,2012-Q4,18628,AUD: Australian Dollars,0: Units,,
ABS:ANA_AGG(1.0.0),M1: Chain volume measures,GPM_PCA: GDP per capita,20: Seasonally Adjusted,AUS: Australia,Q: Quarterly,2013-Q1,18629,AUD: Australian Dollars,0: Units,,
ABS:ANA_AGG(1.0.0),M1: Chain volume measures,GPM_PCA: GDP per capita,20: Seasonally Adjusted,AUS: Australia,Q: Quarterly,2013-Q2,18631,AUD: Australian Dollars,0: Units,,
ABS:ANA_AGG(1.0.0),M1: Chain volume measures,GPM_PCA: GDP per capita,20: Seasonally Adjusted,AUS: Australia,Q: Quarterly,2013-Q3,18704,AUD: Australian Dollars,0: Units,,
ABS:ANA_AGG(1.0.0),M1: Chain volume measures,GPM_PCA: GDP per capita,20: Seasonally Adjusted,AUS: Australia,Q: Quarterly,2013-Q4,18784,AUD: Australian Dollars,0: Units,,
ABS:ANA_AGG(1.0.0),M1: Chain volume measures,GPM_PCA: GDP per capita,20: Seasonally Adjusted,AUS: Australia,Q: Quarterly,2014-Q1,18855,AUD: Australian Dollars,0: Units,,
ABS:ANA_AGG(1.0.0),M1: Chain volume measures,GPM_PCA: GDP per capita,20: Seasonally Adjusted,AUS: Australia,Q: Quarterly,2014-Q2,18875,AUD: Australian Dollars,0: Units,,
ABS:ANA_AGG(1.0.0),M1: Chain volume measures,GPM_PCA: GDP per capita,20: Seasonally Adjusted,AUS: Australia,Q: Quarterly,2014-Q3,18897,AUD: Australian Dollars,0: Units,,
ABS:ANA_AGG(1.0.0),M1: Chain volume measures,GPM_PCA: GDP per capita,20: Seasonally Adjusted,AUS: Australia,Q: Quarterly,2014-Q4,18895,AUD: Australian Dollars,0: Units,,
ABS:ANA_AGG(1.0.0),M1: Chain volume measures,GPM_PCA: GDP per capita,20: Seasonally Adjusted,AUS: Australia,Q: Quarterly,2015-Q1,19000,AUD: Australian Dollars,0: Units,,
ABS:ANA_AGG(1.0.0),M1: Chain volume measures,GPM_PCA: GDP per capita,20: Seasonally Adjusted,AUS: Australia,Q: Quarterly,2015-Q2,18953,AUD: Australian Dollars,0: Units,,
ABS:ANA_AGG(1.0.0),M1: Chain volume measures,GPM_PCA: GDP per capita,20: Seasonally Adjusted,AUS: Australia,Q: Quarterly,2015-Q3,19083,AUD: Australian Dollars,0: Units,,
ABS:ANA_AGG(1.0.0),M1: Chain volume measures,GPM_PCA: GDP per capita,20: Seasonally Adjusted,AUS: Australia,Q: Quarterly,2015-Q4,19124,AUD: Australian Dollars,0: Units,,
ABS:ANA_AGG(1.0.0),M1: Chain volume measures,GPM_PCA: GDP per capita,20: Seasonally Adjusted,AUS: Australia,Q: Quarterly,2016-Q1,19211,AUD: Australian Dollars,0: Units,,
ABS:ANA_AGG(1.0.0),M1: Chain volume measures,GPM_PCA: GDP per capita,20: Seasonally Adjusted,AUS: Australia,Q: Quarterly,2016-Q2,19256,AUD: Australian Dollars,0: Units,,
ABS:ANA_AGG(1.0.0),M1: Chain volume measures,GPM_PCA: GDP per capita,20: Seasonally Adjusted,AUS: Australia,Q: Quarterly,2016-Q3,19200,AUD: Australian Dollars,0: Units,,
ABS:ANA_AGG(1.0.0),M1: Chain volume measures,GPM_PCA: GDP per capita,20: Seasonally Adjusted,AUS: Australia,Q: Quarterly,2016-Q4,19320,AUD: Australian Dollars,0: Units,,
ABS:ANA_AGG(1.0.0),M1: Chain volume measures,GPM_PCA: GDP per capita,20: Seasonally Adjusted,AUS: Australia,Q: Quarterly,2017-Q1,19282,AUD: Australian Dollars,0: Units,,
ABS:ANA_AGG(1.0.0),M1: Chain volume measures,GPM_PCA: GDP per capita,20: Seasonally Adjusted,AUS: Australia,Q: Quarterly,2017-Q2,19333,AUD: Australian Dollars,0: Units,,
ABS:ANA_AGG(1.0.0),M1: Chain volume measures,GPM_PCA: GDP per capita,20: Seasonally Adjusted,AUS: Australia,Q: Quarterly,2017-Q3,19448,AUD: Australian Dollars,0: Units,,
ABS:ANA_AGG(1.0.0),M1: Chain volume measures,GPM_PCA: GDP per capita,20: Seasonally Adjusted,AUS: Australia,Q: Quarterly,2017-Q4,19467,AUD: Australian Dollars,0: Units,,
ABS:ANA_AGG(1.0.0),M1: Chain volume measures,GPM_PCA: GDP per capita,20: Seasonally Adjusted,AUS: Australia,Q: Quarterly,2018-Q1,19553,AUD: Australian Dollars,0: Units,,
ABS:ANA_AGG(1.0.0),M1: Chain volume measures,GPM_PCA: GDP per capita,20: Seasonally Adjusted,AUS: Australia,Q: Quarterly,2018-Q2,19645,AUD: Australian Dollars,0: Units,,
ABS:ANA_AGG(1.0.0),M1: Chain volume measures,GPM_PCA: GDP per capita,20: Seasonally Adjusted,AUS: Australia,Q: Quarterly,2018-Q3,19651,AUD: Australian Dollars,0: Units,,
ABS:ANA_AGG(1.0.0),M1: Chain volume measures,GPM_PCA: GDP per capita,20: Seasonally Adjusted,AUS: Australia,Q: Quarterly,2018-Q4,19603,AUD: Australian Dollars,0: Units,,
ABS:ANA_AGG(1.0.0),M1: Chain volume measures,GPM_PCA: GDP per capita,20: Seasonally Adjusted,AUS: Australia,Q: Quarterly,2019-Q1,19606,AUD: Australian Dollars,0: Units,,
ABS:ANA_AGG(1.0.0),M1: Chain volume measures,GPM_PCA: GDP per capita,20: Seasonally Adjusted,AUS: Australia,Q: Quarterly,2019-Q2,19669,AUD: Australian Dollars,0: Units,,
ABS:ANA_AGG(1.0.0),M1: Chain volume measures,GPM_PCA: GDP per capita,20: Seasonally Adjusted,AUS: Australia,Q: Quarterly,2019-Q3,19755,AUD: Australian Dollars,0: Units,,
ABS:ANA_AGG(1.0.0),M1: Chain volume measures,GPM_PCA: GDP per capita,20: Seasonally Adjusted,AUS: Australia,Q: Quarterly,2019-Q4,19757,AUD: Australian Dollars,0: Units,,
ABS:ANA_AGG(1.0.0),M1: Chain volume measures,GPM_PCA: GDP per capita,20: Seasonally Adjusted,AUS: Australia,Q: Quarterly,2020-Q1,19629,AUD: Australian Dollars,0: Units,,
ABS:ANA_AGG(1.0.0),M1: Chain volume measures,GPM_PCA: GDP per capita,20: Seasonally Adjusted,AUS: Australia,Q: Quarterly,2020-Q2,18261,AUD: Australian Dollars,0: Units,,
ABS:ANA_AGG(1.0.0),M1: Chain volume measures,GPM_PCA: GDP per capita,20: Seasonally Adjusted,AUS: Australia,Q: Quarterly,2020-Q3,18919,AUD: Australian Dollars,0: Units,,
ABS:ANA_AGG(1.0.0),M1: Chain volume measures,GPM_PCA: GDP per capita,20: Seasonally Adjusted,AUS: Australia,Q: Quarterly,2020-Q4,19530,AUD: Australian Dollars,0: Units,,
ABS:ANA_AGG(1.0.0),M1: Chain volume measures,GPM_PCA: GDP per capita,20: Seasonally Adjusted,AUS: Australia,Q: Quarterly,2021-Q1,19878,AUD: Australian Dollars,0: Units,,
ABS:ANA_AGG(1.0.0),M1: Chain volume measures,GPM_PCA: GDP per capita,20: Seasonally Adjusted,AUS: Australia,Q: Quarterly,2021-Q2,19997,AUD: Australian Dollars,0: Units,,
ABS:ANA_AGG(1.0.0),M1: Chain volume measures,GPM_PCA: GDP per capita,20: Seasonally Adjusted,AUS: Australia,Q: Quarterly,2021-Q3,19633,AUD: Australian Dollars,0: Units,,
ABS:ANA_AGG(1.0.0),M1: Chain volume measures,GPM_PCA: GDP per capita,20: Seasonally Adjusted,AUS: Australia,Q: Quarterly,2021-Q4,20317,AUD: Australian Dollars,0: Units,,
ABS:ANA_AGG(1.0.0),M1: Chain volume measures,GPM_PCA: GDP per capita,20: Seasonally Adjusted,AUS: Australia,Q: Quarterly,2022-Q1,20380,AUD: Australian Dollars,0: Units,,
